{
    "[0, 0]": {
        "up": 22.024964885461117,
        "down": 19.42881800640562,
        "left": 19.440849412471042,
        "right": 24.767271419772626
    },
    "[0, 1]": {
        "up": 20.523642059782944,
        "down": 23.420607331363072,
        "left": 18.01483426374348,
        "right": 23.40200682545451
    },
    "[0, 2]": {
        "up": 16.50568792052046,
        "down": 21.998151680766735,
        "left": 16.48707788205346,
        "right": 21.900315739303124
    },
    "[1, 0]": {
        "up": 23.37957015352638,
        "down": 20.764740887772447,
        "left": 23.412798768753884,
        "right": 26.079228446546693
    },
    "[1, 1]": {
        "up": 21.848858325968056,
        "down": 24.753309403758042,
        "left": 22.00576697599163,
        "right": 18.37927389327738
    },
    "[1, 2]": {
        "up": 17.806139188167375,
        "down": 23.345982729568117,
        "left": 20.40858133711596,
        "right": 19.690567366977078
    },
    "[2, 0]": {
        "up": 18.381293408851743,
        "down": 22.07136946396022,
        "left": 24.737867650418522,
        "right": 27.383221019885468
    },
    "[2, 1]": {
        "up": 19.685302311489107,
        "down": 26.048193067500122,
        "left": 23.281612688429,
        "right": 28.685766910276737
    },
    "[2, 2]": {
        "up": 19.667199619946775,
        "down": 18.304537596201886,
        "left": 21.505326375500363,
        "right": 29.99599520983422
    },
    "[3, 0]": {
        "up": 28.68791240192214,
        "down": 23.376681372334215,
        "left": 26.043836195860514,
        "right": 23.377235986423802
    },
    "[3, 1]": {
        "up": 29.996358325314088,
        "down": 27.3277880524154,
        "left": 18.30812776310545,
        "right": 24.66462004850977
    },
    "[3, 2]": {
        "up": 0.0,
        "down": 0.0,
        "left": 0.0,
        "right": 0.0
    }
}