{
    "[0, 0]": {
        "up": 23.833985925875425,
        "down": 19.43090753472913,
        "left": 19.42183429817825,
        "right": 24.762886423682765
    },
    "[0, 1]": {
        "up": 25.11914015641017,
        "down": 23.426206322174732,
        "left": 19.830055377215075,
        "right": 25.11356440905084
    },
    "[0, 2]": {
        "up": 21.113610413410125,
        "down": 23.82646383587339,
        "left": 21.116476911306226,
        "right": 26.402181438373766
    },
    "[1, 0]": {
        "up": 25.11036453073234,
        "down": 20.747473441595833,
        "left": 23.41236769258317,
        "right": 26.0765889234185
    },
    "[1, 1]": {
        "up": 26.39940818864534,
        "down": 24.737845738447962,
        "left": 23.827514031429008,
        "right": 26.386345209405956
    },
    "[1, 2]": {
        "up": 22.397752239642404,
        "down": 25.101249402761855,
        "left": 25.107258492380826,
        "right": 27.689736925398524
    },
    "[2, 0]": {
        "up": 26.380882617352846,
        "down": 22.061673142629164,
        "left": 24.723463404734282,
        "right": 27.38538972547435
    },
    "[2, 1]": {
        "up": 27.686261785043335,
        "down": 26.033253837095767,
        "left": 25.08058340142236,
        "right": 28.688662780136575
    },
    "[2, 2]": {
        "up": 27.661570967998763,
        "down": 26.311073730695597,
        "left": 26.33325082765759,
        "right": 29.99617151688556
    },
    "[3, 0]": {
        "up": 28.68991395763549,
        "down": 23.383200505543474,
        "left": 26.050001109320394,
        "right": 23.380777427463656
    },
    "[3, 1]": {
        "up": 29.997086567090115,
        "down": 27.330999394100985,
        "left": 26.324555968208866,
        "right": 24.667867924158706
    },
    "[3, 2]": {
        "up": 0.0,
        "down": 0.0,
        "left": 0.0,
        "right": 0.0
    }
}